{
    "oof_score": 1.0930989647880016,
    "feature_importance": {
        "count_genre_9_0_groupby_publisher": 0.04614211991429329,
        "count_platform_1_groupby_publisher": 0.036016736179590225,
        "count_year_of_release_1992_0_groupby_publisher": 0.03555363044142723,
        "count_platform_2_groupby_publisher": 0.03454568609595299,
        "count_year_of_release_2003_0_groupby_publisher": 0.028980718925595284,
        "count_year_of_release_2011_0_groupby_publisher": 0.027601944282650948,
        "count_platform_11_groupby_publisher": 0.026722531765699387,
        "Developer": 0.021122945472598076,
        "ratio_min_Critic_Count_groupby_Publisher": 0.019210096448659897,
        "count_year_of_release_1991_0_groupby_publisher": 0.018705224618315697,
        "count_genre_3_0_groupby_publisher": 0.018255844712257385,
        "count_year_of_release_2001_0_groupby_publisher": 0.017911478877067566,
        "count_genre_11_0_groupby_publisher": 0.017182692885398865,
        "min_Year_of_Release_groupby_Publisher": 0.014749482274055481,
        "diff_max_User_Count_groupby_Publisher": 0.014637426473200321,
        "ratio_sum_Critic_Score_groupby_Publisher": 0.013685249723494053,
        "count_year_of_release_1996_0_groupby_publisher": 0.013227098621428013,
        "count_year_of_release_2002_0_groupby_publisher": 0.010607633739709854,
        "diff_Year_of_Release_groupby_Publisher": 0.010493245907127857,
        "sum_Year_of_Release_groupby_Publisher": 0.010245968587696552,
        "count_year_of_release_2008_0_groupby_publisher": 0.009811066091060638,
        "min_Critic_Count_groupby_Publisher": 0.008878271095454693,
        "ratio_min_User_Score_groupby_Publisher": 0.008872373029589653,
        "count_year_of_release_2015_0_groupby_publisher": 0.008163235150277615,
        "diff_min_Critic_Score_groupby_Publisher": 0.008089649491012096,
        "count_year_of_release_1995_0_groupby_publisher": 0.007681834977120161,
        "count_rating_4_0_groupby_publisher": 0.007587283384054899,
        "count_year_of_release_2005_0_groupby_publisher": 0.00743585079908371,
        "diff_std_User_Score_groupby_Publisher": 0.007426210213452578,
        "count_platform_7_groupby_publisher": 0.007216989062726498,
        "count_year_of_release_2004_0_groupby_publisher": 0.007196385879069567,
        "std_User_Score_groupby_Publisher": 0.006870458368211985,
        "count_genre_4_0_groupby_publisher": 0.006810066755861044,
        "ratio_mean_Critic_Score_groupby_Publisher": 0.006791953928768635,
        "ratio_sum_User_Count_groupby_Publisher": 0.006716110743582249,
        "Critic_Score": 0.006539887748658657,
        "diff_min_User_Score_groupby_Publisher": 0.006435121409595013,
        "ratio_nunique_Rating_groupby_Publisher": 0.006434792187064886,
        "count_platform_20_groupby_publisher": 0.006399563979357481,
        "ratio_std_Critic_Score_groupby_Publisher": 0.006309672724455595,
        "count_year_of_release_2013_0_groupby_publisher": 0.006301347631961107,
        "diff_max_Critic_Score_groupby_Publisher": 0.006282384507358074,
        "ratio_sum_User_Score_groupby_Publisher": 0.006051118019968271,
        "ratio_min_Critic_Score_groupby_Publisher": 0.005983835086226463,
        "count_platform_6_groupby_publisher": 0.005931464023888111,
        "min_User_Count_groupby_Publisher": 0.0058328029699623585,
        "diff_nunique_Genre_groupby_Publisher": 0.005818850826472044,
        "ratio_nunique_Name_groupby_Publisher": 0.005662394687533379,
        "count_platform_14_groupby_publisher": 0.005599516909569502,
        "count_year_of_release_2009_0_groupby_publisher": 0.005533060058951378,
        "count_platform_4_groupby_publisher": 0.005379746668040752,
        "count_year_of_release_1983_0_groupby_publisher": 0.005229610484093428,
        "count_year_of_release_2016_0_groupby_publisher": 0.005210277624428272,
        "diff_mean_User_Score_groupby_Publisher": 0.005208861082792282,
        "min_Critic_Score_groupby_Publisher": 0.005173690617084503,
        "std_Critic_Count_groupby_Publisher": 0.005151236895471811,
        "ratio_min_User_Count_groupby_Publisher": 0.005126262083649635,
        "max_Critic_Count_groupby_Publisher": 0.005047908052802086,
        "diff_std_Critic_Score_groupby_Publisher": 0.005044042132794857,
        "nunique_Name_groupby_Publisher": 0.00502226036041975,
        "count_year_of_release_2010_0_groupby_publisher": 0.005019270349293947,
        "count_year_of_release_1987_0_groupby_publisher": 0.0049018654972314835,
        "nunique_Rating_groupby_Publisher": 0.004868390038609505,
        "ratio_std_User_Score_groupby_Publisher": 0.004744013771414757,
        "diff_nunique_Platform_groupby_Publisher": 0.00469210185110569,
        "ratio_count_Developer_groupby_Publisher": 0.004688207991421223,
        "count_year_of_release_2017_0_groupby_publisher": 0.004666036926209927,
        "count_genre_5_0_groupby_publisher": 0.004600547719746828,
        "diff_mean_Year_of_Release_groupby_Publisher": 0.004566929303109646,
        "ratio_sum_Critic_Count_groupby_Publisher": 0.00439986027777195,
        "max_User_Count_groupby_Publisher": 0.004361668601632118,
        "count_genre_1_0_groupby_publisher": 0.004313597455620766,
        "diff_min_User_Count_groupby_Publisher": 0.004308382049202919,
        "mean_User_Count_groupby_Publisher": 0.004296175204217434,
        "ratio_nunique_Platform_groupby_Publisher": 0.004204145632684231,
        "count_platform_17_groupby_publisher": 0.0040907058864831924,
        "count_year_of_release_1997_0_groupby_publisher": 0.004026555456221104,
        "std_Critic_Score_groupby_Publisher": 0.003974585328251123,
        "count_platform_10_groupby_publisher": 0.003864642698317766,
        "nunique_Genre_groupby_Publisher": 0.0038638070691376925,
        "count_platform_25_groupby_publisher": 0.0036970674991607666,
        "count_year_of_release_1990_0_groupby_publisher": 0.0036822303663939238,
        "count_Developer_groupby_Publisher": 0.0036739001516252756,
        "ratio_count_Rating_groupby_Publisher": 0.0036557794082909822,
        "count_rating_0_0_groupby_publisher": 0.003628157079219818,
        "ratio_std_User_Count_groupby_Publisher": 0.003542602062225342,
        "Year_of_Release": 0.0035085375420749187,
        "count_platform_30_groupby_publisher": 0.003474254859611392,
        "count_platform_5_groupby_publisher": 0.0034531117416918278,
        "ratio_nunique_Genre_groupby_Publisher": 0.003448208561167121,
        "count_platform_28_groupby_publisher": 0.0034458909649401903,
        "count_year_of_release_2000_0_groupby_publisher": 0.003334594191983342,
        "count_genre_7_0_groupby_publisher": 0.0032667589839547873,
        "count_year_of_release_2014_0_groupby_publisher": 0.003265007631853223,
        "count_platform_26_groupby_publisher": 0.003241739235818386,
        "diff_max_User_Score_groupby_Publisher": 0.0032241670414805412,
        "count_genre_8_0_groupby_publisher": 0.0031981177162379026,
        "std_Year_of_Release_groupby_Publisher": 0.0031230305321514606,
        "diff_std_User_Count_groupby_Publisher": 0.003089124569669366,
        "mean_Year_of_Release_groupby_Publisher": 0.003082915907725692,
        "ratio_std_Year_of_Release_groupby_Publisher": 0.0030743570532649755,
        "diff_mean_Critic_Score_groupby_Publisher": 0.0030516304541379213,
        "ratio_count_Platform_groupby_Publisher": 0.003016355214640498,
        "count_platform_0_groupby_publisher": 0.002993272850289941,
        "count_rating_1_0_groupby_publisher": 0.0029823496006429195,
        "ratio_std_Critic_Count_groupby_Publisher": 0.0029456631746143103,
        "User_Count": 0.002935870084911585,
        "count_platform_12_groupby_publisher": 0.0029199111741036177,
        "count_platform_15_groupby_publisher": 0.002907866146415472,
        "count_genre_12_0_groupby_publisher": 0.0028942907229065895,
        "Genre": 0.002872818848118186,