{
    "oof_score": 1.094831712076966,
    "feature_importance": {
        "count_year_of_release_2012_0_groupby_publisher": 0.041586972773075104,
        "count_platform_15_groupby_publisher": 0.03408612683415413,
        "count_rating_2_0_groupby_publisher": 0.029375577345490456,
        "nunique_Platform_groupby_Name": 0.028634870424866676,
        "diff_nunique_Rating_groupby_Publisher": 0.02627198025584221,
        "diff_max_Year_of_Release_groupby_Publisher": 0.025478726252913475,
        "count_genre_1_0_groupby_publisher": 0.024149658158421516,
        "ratio_nunique_Rating_groupby_Publisher": 0.02056244947016239,
        "diff_mean_User_Score_groupby_Publisher": 0.018077466636896133,
        "Name": 0.017727624624967575,
        "diff_mean_Critic_Score_groupby_Name": 0.016947148367762566,
        "sum_Critic_Count_groupby_Name": 0.014843371696770191,
        "max_Critic_Count_groupby_Name": 0.014642762020230293,
        "diff_max_User_Count_groupby_Publisher": 0.013733772560954094,
        "count_rating_4_0_groupby_publisher": 0.013667251914739609,
        "std_Critic_Count_groupby_Name": 0.013129284605383873,
        "ratio_nunique_Name_groupby_Publisher": 0.012168913148343563,
        "ratio_std_Critic_Score_groupby_Name": 0.01208864152431488,
        "count_year_of_release_1995_0_groupby_publisher": 0.01041853241622448,
        "ratio_max_Critic_Count_groupby_Name": 0.009703642688691616,
        "ratio_std_User_Score_groupby_Name": 0.008711027912795544,
        "ratio_mean_Critic_Score_groupby_Name": 0.008386265486478806,
        "diff_min_User_Score_groupby_Name": 0.008066631853580475,
        "ratio_nunique_Platform_groupby_Publisher": 0.007534848991781473,
        "diff_min_User_Count_groupby_Name": 0.007330366875976324,
        "Genre": 0.007127959746867418,
        "diff_max_User_Score_groupby_Publisher": 0.007114729378372431,
        "ratio_nunique_Platform_groupby_Name": 0.0070993294939398766,
        "diff_mean_Year_of_Release_groupby_Publisher": 0.007003941107541323,
        "Rating": 0.006809950340539217,
        "diff_Year_of_Release_groupby_Publisher": 0.006680967751890421,
        "max_Critic_Score_groupby_Name": 0.006499117705971003,
        "std_User_Score_groupby_Name": 0.006441191770136356,
        "count_year_of_release_2014_0_groupby_publisher": 0.006374306045472622,
        "mean_Critic_Score_groupby_Publisher": 0.006241474766284227,
        "diff_std_Critic_Score_groupby_Name": 0.006188623607158661,
        "diff_max_User_Score_groupby_Name": 0.005872646346688271,
        "diff_std_User_Score_groupby_Publisher": 0.005797161255031824,
        "min_Critic_Score_groupby_Name": 0.005747816525399685,
        "ratio_mean_Critic_Count_groupby_Name": 0.005721385590732098,
        "ratio_min_User_Score_groupby_Name": 0.005705938674509525,
        "count_genre_3_0_groupby_publisher": 0.005652523133903742,
        "ratio_sum_Critic_Score_groupby_Name": 0.005535434931516647,
        "diff_mean_User_Count_groupby_Name": 0.005526649300009012,
        "min_User_Count_groupby_Name": 0.005522702820599079,
        "count_year_of_release_2016_0_groupby_publisher": 0.00552116334438324,
        "ratio_sum_User_Count_groupby_Name": 0.005447514820843935,
        "max_User_Score_groupby_Name": 0.005270651541650295,
        "mean_User_Score_groupby_Name": 0.005190154537558556,
        "std_Critic_Count_groupby_Publisher": 0.0051249112002551556,
        "count_year_of_release_2015_0_groupby_publisher": 0.00509083503857255,
        "diff_std_User_Score_groupby_Name": 0.00502425990998745,
        "ratio_sum_User_Score_groupby_Name": 0.004953951109200716,
        "ratio_count_Developer_groupby_Publisher": 0.004904795438051224,
        "ratio_max_Critic_Score_groupby_Publisher": 0.0048686545342206955,
        "min_User_Score_groupby_Publisher": 0.0048667374067008495,
        "max_Critic_Score_groupby_Publisher": 0.004846622701734304,
        "std_User_Count_groupby_Name": 0.004602831322699785,
        "ratio_min_Critic_Count_groupby_Name": 0.004545880015939474,
        "sum_Critic_Count_groupby_Publisher": 0.004529478028416634,
        "count_platform_14_groupby_publisher": 0.00449800118803978,
        "diff_max_Critic_Count_groupby_Publisher": 0.004456914030015469,
        "mean_Critic_Score_groupby_Name": 0.004455873742699623,
        "diff_max_Critic_Count_groupby_Name": 0.004453717730939388,
        "diff_min_User_Score_groupby_Publisher": 0.004448987543582916,
        "count_genre_12_0_groupby_publisher": 0.004405132494866848,
        "sum_User_Count_groupby_Name": 0.004396988078951836,
        "count_platform_1_groupby_publisher": 0.004327479284256697,
        "min_User_Count_groupby_Publisher": 0.004303275607526302,
        "count_year_of_release_1997_0_groupby_publisher": 0.00429091602563858,
        "sum_User_Count_groupby_Publisher": 0.004238101653754711,
        "count_platform_18_groupby_publisher": 0.004206582438200712,
        "ratio_std_Critic_Count_groupby_Name": 0.0041404468938708305,
        "ratio_sum_Year_of_Release_groupby_Publisher": 0.004047917667776346,
        "ratio_sum_User_Count_groupby_Publisher": 0.00400182418525219,
        "ratio_max_User_Count_groupby_Name": 0.003972847945988178,
        "ratio_sum_Critic_Score_groupby_Publisher": 0.00392189621925354,
        "diff_max_Critic_Score_groupby_Name": 0.003916470799595118,
        "diff_sum_Critic_Score_groupby_Name": 0.003915366251021624,
        "Developer": 0.0037933029234409332,
        "diff_std_User_Count_groupby_Publisher": 0.0037631310988217592,
        "ratio_min_User_Count_groupby_Name": 0.003752680728211999,
        "min_Critic_Score_groupby_Publisher": 0.0035810063127428293,
        "count_genre_8_0_groupby_publisher": 0.0035670928191393614,
        "ratio_mean_User_Count_groupby_Name": 0.003486987203359604,
        "count_platform_20_groupby_publisher": 0.003431730903685093,
        "count_year_of_release_2013_0_groupby_publisher": 0.003421628847718239,
        "ratio_count_Platform_groupby_Publisher": 0.003393571823835373,
        "diff_sum_Critic_Count_groupby_Name": 0.003368400502949953,
        "diff_min_Critic_Score_groupby_Publisher": 0.0032913859467953444,
        "count_platform_29_groupby_publisher": 0.003259094897657633,
        "mean_User_Score_groupby_Publisher": 0.003236078191548586,
        "count_year_of_release_1993_0_groupby_publisher": 0.0032044861000031233,
        "nunique_Platform_groupby_Publisher": 0.003189608920365572,
        "std_User_Count_groupby_Publisher": 0.003175134537741542,
        "ratio_min_Critic_Score_groupby_Publisher": 0.0031654629856348038,
        "count_year_of_release_1986_0_groupby_publisher": 0.003130917204543948,
        "std_Year_of_Release_groupby_Publisher": 0.0031121422071009874,
        "diff_max_Critic_Score_groupby_Publisher": 0.003062897827476263,
        "ratio_max_Critic_Score_groupby_Name": 0.0030449512414634228,
        "diff_mean_Critic_Count_groupby_Publisher": 0.003024085657671094,
        "diff_mean_Critic_Count_groupby_Name": 0.0029817484319210052,
        "count_platform_17_groupby_publisher": 0.002981280442327261,
        "diff_mean_User_Count_groupby_Publisher": 0.0029104582499712706,
        "count_year_of_release_2007_0_groupby_publisher": 0.0029090922325849533,
        "min_User_Score_groupby_Name": 0.002828097902238369,
        "ratio_std_Critic_Score_groupby_Publisher": 0.002785610966384411,
        "diff_sum_User_Score_groupby_Name": 0.002716244198381901,
        "diff_count_Developer_groupby_Publisher": 0.002689361572265625,
        "ratio_std_User_Count_groupby_Name": 0.0026866828557103872,
        "diff_nunique_Platform_groupby_Name": 0.0026435228064656258,
        "count_year_of_release_1983_0_groupby_publisher": 0.0026105057913810015,
        "diff_min_Critic_Count_groupby_Name": 0.0026010589208453894,
        "diff_min_Critic_Score_groupby_Name": 0.002535735722631216,
        "sum_User_Score_groupby_Name": 0.0025071005802601576,